epoch,step,train_loss
4,49,0.16816426813602448
9,99,0.19964583218097687
14,149,0.22318807244300842
19,199,0.22847367823123932
